{
  "best_val_loss": 0.46565936292920795,
  "test_accuracy": 0.73,
  "test_f1_score": 0.5714285714285714,
  "test_roc_auc": 0.795595238095238,
  "train_losses": [
    0.6542107748985291,
    0.6064231586456299,
    0.5650258541107178,
    0.5433316695690155,
    0.5177782058715821,
    0.5093419706821442,
    0.4915252935886383,
    0.46761203050613404,
    0.4649047267436981,
    0.4470640361309052,
    0.4541019141674042,
    0.4378403174877167,
    0.4338736593723297,
    0.4147917699813843,
    0.3896507561206818,
    0.4032829093933106,
    0.36733420491218566,
    0.39742337703704833,
    0.3652478241920471,
    0.36963874638080596,
    0.36558513522148134,
    0.36254073202610015,
    0.3356212961673737,
    0.33043799877166746,
    0.3096205753087997,
    0.3047558069229126,
    0.2981172597408295,
    0.3136277735233307,
    0.31341573894023894,
    0.2937918543815613,
    0.27439267992973326,
    0.3043764215707779,
    0.2833146244287491,
    0.279438873231411,
    0.2826001632213593,
    0.2718041729927063,
    0.29287211716175077,
    0.25905105531215666,
    0.25390693068504333,
    0.21445221722126007,
    0.24611869484186172,
    0.24283892631530762,
    0.2264175993204117,
    0.2327557098865509,
    0.21722146332263947,
    0.240586975812912,
    0.2069183534383774,
    0.26579364240169523,
    0.2342895194888115,
    0.21798687905073166,
    0.2132979679107666,
    0.2012023565173149,
    0.19201371520757676,
    0.20260920137166977,
    0.1973465833067894,
    0.21813137769699098,
    0.2079862540960312,
    0.22464707493782043,
    0.18786657452583314,
    0.19444677099585533,
    0.1723874744772911,
    0.18416761070489884,
    0.18474156618118287,
    0.17788650080561638,
    0.20093674927949906,
    0.17565586060285568,
    0.1794770424067974,
    0.16653600752353667,
    0.14820128783583641,
    0.1839393237233162,
    0.17520718157291412,
    0.19165894225239755,
    0.1653970293700695,
    0.19668762683868407,
    0.18445859223604202,
    0.16052787959575654,
    0.15973300486803055,
    0.1470329287648201,
    0.16271379008889197,
    0.13024725899100303,
    0.15487368017435074,
    0.1568124671280384,
    0.1457289546728134,
    0.14049401760101318,
    0.16429998248815536,
    0.14242258206009864,
    0.1483212548494339,
    0.1382179620862007,
    0.16156482085585594,
    0.13922005787491798,
    0.13525521963834763,
    0.14003119081258775,
    0.11793015785515308,
    0.14486395120620726,
    0.11476054154336453,
    0.1312608440220356,
    0.10489929869771003,
    0.1649921104311943,
    0.1310229006409645,
    0.11018188774585724
  ],
  "val_losses": [
    0.6481303828103202,
    0.5827326008251735,
    0.5470383337565831,
    0.5314311470304217,
    0.5059572245393481,
    0.503058237688882,
    0.49436756542750765,
    0.483579158782959,
    0.48424906390053885,
    0.48023077845573425,
    0.4747487349169595,
    0.469695861850466,
    0.46565936292920795,
    0.471105694770813,
    0.4716121256351471,
    0.4815785757132939,
    0.47973055073193144,
    0.48333214436258587,
    0.47840783638613565,
    0.48450210264750887,
    0.4923595849956785,
    0.47249001477445873,
    0.4872123513902937,
    0.4859881890671594,
    0.4897547534533909,
    0.4740094946963446,
    0.46841368079185486,
    0.4857600565467562,
    0.4838974518435342,
    0.48536390704768045,
    0.4805358520575932,
    0.4971577546426228,
    0.5063261794192451,
    0.501350170799664,
    0.5083816179207393,
    0.5142614128334182,
    0.5108779094048909,
    0.5154443415147918,
    0.5233719316976411,
    0.5251941233873367,
    0.5165894819157464,
    0.5285814500280789,
    0.5154174704636846,
    0.5203943555908543,
    0.5316874384880066,
    0.5700961830360549,
    0.5774573971118245,
    0.5643486667956624,
    0.5540199992912156,
    0.5678618529013225,
    0.60939281220947,
    0.5999376539673124,
    0.6101860318865094,
    0.6123953323279109,
    0.5963022879191807,
    0.6067821362188884,
    0.5914634146860668,
    0.6118260611380849,
    0.5916379136698586,
    0.6021082858954158,
    0.6367489131433623,
    0.6400259520326342,
    0.6237870720880372,
    0.6023173459938594,
    0.6070293347750392,
    0.6243965710912432,
    0.6205730193427631,
    0.6197425616639001,
    0.64759468712977,
    0.6351644332919802,
    0.6567391284874508,
    0.6379785463213921,
    0.6511975867407662,
    0.6289479264191219,
    0.6301434210368565,
    0.6114604451826641,
    0.6225798640932355,
    0.5978948803884643,
    0.6427043953112194,
    0.6548879646829197,
    0.6451580747961998,
    0.6348562080945287,
    0.6359069363347122,
    0.6200410106352398,
    0.6872984133660793,
    0.6677238829433918,
    0.634748600423336,
    0.6568122373095581,
    0.6805186399391719,
    0.6472815280514104,
    0.6792101216103349,
    0.6445320855293956,
    0.6681242864578962,
    0.6448305509984493,
    0.6555891303079469,
    0.6592624975102288,
    0.6435020927871976,
    0.662664495408535,
    0.6667239128478936,
    0.6757700150566441
  ],
  "input_size": 48,
  "training_time": "2025-12-18T16:35:24.164716",
  "model_architecture": "[128, 64, 32]",
  "training_params": {
    "epochs": 100,
    "batch_size": 32,
    "learning_rate": 0.001
  }
}